Disease,Symptom_1,Symptom_2,Symptom_3,Symptom_4,Symptom_5,Symptom_6,Symptom_7,Symptom_8,Symptom_9,Symptom_10,Symptom_11,Symptom_12
HIV,1,2,3,4,5,6,7,8,9,10,11,11
HIV,9,7,5,6,2,10,4,1,8,3,11,11
HIV,9,1,8,10,6,4,2,5,3,7,11,11
HIV,10,2,4,7,1,8,6,9,5,3,11,11
HIV,8,1,10,6,3,5,9,7,4,2,11,11
HIV,7,5,9,1,2,10,8,6,4,3,11,11
HIV,10,5,9,7,2,6,8,3,4,1,11,11
HIV,4,7,2,1,9,6,5,3,8,10,11,11
HIV,10,4,2,8,7,5,6,3,9,1,11,11
HIV,8,1,9,4,3,6,2,7,10,5,11,11
HIV,10,3,9,2,7,5,1,4,8,6,11,11
HIV,7,5,1,6,4,8,3,10,9,2,11,11
HIV,3,7,1,6,9,5,4,10,2,8,11,11
HIV,4,7,5,2,8,6,3,9,10,1,11,11
HIV,2,3,6,1,5,10,9,4,7,8,11,11
HIV,10,2,4,6,9,5,1,7,3,8,11,11
HIV,2,3,9,6,10,5,8,7,4,1,11,11
HIV,8,5,9,2,7,1,10,3,6,4,11,11
HIV,6,3,9,8,2,7,4,10,1,5,11,11
HIV,2,8,3,10,4,1,7,9,5,6,11,11
HIV,3,6,9,4,2,7,8,5,1,10,11,11
HIV,4,3,9,7,5,6,1,2,10,8,11,11
HIV,4,5,2,6,9,8,10,7,3,1,11,11
HIV,3,10,1,5,8,4,6,7,2,9,11,11
HIV,3,1,2,7,8,6,5,4,10,9,11,11
HIV,4,5,2,1,9,10,8,6,7,3,11,11
HIV,9,1,7,10,4,8,5,3,2,6,11,11
HIV,2,10,5,9,3,7,4,1,6,8,11,11
HIV,9,10,4,8,6,1,7,2,3,5,11,11
HIV,7,10,8,3,1,4,9,2,6,5,11,11
HIV,3,10,7,2,5,4,8,9,6,1,11,11
HIV,6,8,10,1,7,3,2,4,5,9,11,11
HIV,9,7,1,2,8,10,5,6,4,3,11,11
HIV,9,8,10,4,2,1,5,3,7,6,11,11
HIV,5,10,3,7,4,9,1,8,2,6,11,11
HIV,9,1,7,2,10,4,8,5,6,3,11,11
HIV,2,4,1,3,10,5,7,9,6,8,11,11
HIV,1,8,2,9,6,3,5,4,7,10,11,11
HIV,5,1,2,10,8,9,7,3,6,4,11,11
HIV,3,8,5,7,4,2,6,1,10,9,11,11
HIV,10,4,3,8,7,9,6,5,1,2,11,11
HIV,5,10,2,1,6,9,7,8,3,4,11,11
HIV,8,1,5,9,2,3,10,4,6,7,11,11
HIV,10,3,2,8,6,9,4,5,1,7,11,11
HIV,10,3,4,2,6,8,1,9,7,5,11,11
HIV,10,9,4,8,5,2,7,6,3,1,11,11
HIV,1,3,7,2,5,10,8,4,9,6,11,11
HIV,4,1,2,8,6,9,7,3,10,5,11,11
HIV,9,3,4,2,1,6,7,5,8,10,11,11
HIV,4,2,8,9,5,10,1,3,6,7,11,11
HIV,5,6,2,4,9,10,3,7,8,1,11,11
HIV,5,4,7,10,1,6,3,2,9,8,11,11
HIV,3,10,5,1,8,2,4,9,7,6,11,11
HIV,8,3,4,1,10,9,2,5,6,7,11,11
HIV,6,1,3,5,7,4,8,9,2,10,11,11
HIV,3,4,7,1,8,9,2,6,5,10,11,11
HIV,6,2,5,1,7,4,8,3,9,10,11,11
HIV,6,4,1,9,2,7,3,8,5,10,11,11
HIV,9,1,5,8,3,2,10,7,6,4,11,11
HIV,7,2,1,3,4,5,6,8,9,10,11,11
HIV,8,6,5,9,1,10,7,4,2,3,11,11
HIV,8,7,10,5,2,6,4,9,3,1,11,11
HIV,5,2,8,10,4,7,9,1,6,3,11,11
HIV,1,2,6,8,9,10,3,4,7,5,11,11
HIV,10,7,8,9,1,5,4,3,2,6,11,11
HIV,7,9,6,8,2,1,10,5,3,4,11,11
HIV,3,5,7,6,1,9,8,10,2,4,11,11
HIV,1,6,2,5,10,7,8,4,9,3,11,11
HIV,6,7,4,9,3,8,10,1,2,5,11,11
HIV,3,1,6,9,5,2,7,8,4,10,11,11
HIV,10,9,4,1,6,7,8,5,2,3,11,11
HIV,5,9,8,1,7,6,4,10,2,3,11,11
HIV,7,1,9,2,3,6,4,8,5,10,11,11
HIV,4,3,1,7,10,6,5,9,8,2,11,11
HIV,3,4,5,9,8,7,10,2,1,6,11,11
HIV,5,4,10,2,3,9,6,7,8,1,11,11
HIV,8,6,10,7,2,1,9,4,3,5,11,11
HIV,2,7,4,9,5,8,10,1,3,6,11,11
HIV,2,1,8,7,10,6,5,9,3,4,11,11
HIV,6,10,7,1,8,3,5,2,4,9,11,11
HIV,5,7,10,3,6,1,2,9,4,8,11,11
HIV,10,2,7,3,9,1,5,8,6,4,11,11
HIV,9,7,2,1,8,3,5,4,6,10,11,11
HIV,10,9,7,1,3,5,2,6,4,8,11,11
HIV,1,5,8,6,3,7,2,10,4,9,11,11
HIV,5,10,4,6,2,1,9,3,8,7,11,11
HIV,10,2,7,4,6,1,9,5,8,3,11,11
HIV,6,4,8,1,2,7,10,5,9,3,11,11
HIV,7,6,8,10,4,5,9,3,2,1,11,11
HIV,5,10,9,8,6,4,2,3,1,7,11,11
HIV,3,2,4,8,7,6,5,1,9,10,11,11
HIV,5,4,9,7,10,2,3,8,1,6,11,11
HIV,6,5,10,1,7,9,8,2,4,3,11,11
HIV,5,6,7,1,2,4,10,9,8,3,11,11
HIV,4,9,5,8,2,10,6,3,1,7,11,11
HIV,6,4,7,9,5,8,2,10,3,1,11,11
HIV,4,1,3,6,8,9,10,5,7,2,11,11
HIV,9,4,8,5,10,1,2,3,6,7,11,11
HIV,10,3,5,4,1,7,9,6,8,2,11,11
HIV,2,5,1,6,7,10,4,9,3,8,11,11
Hepatitis,12,13,14,15,1,16,17,18,19,20,11,11
Hepatitis,12,20,15,1,19,17,16,14,18,13,11,11
Hepatitis,14,16,1,17,18,15,20,13,12,19,11,11
Hepatitis,16,12,15,18,19,17,14,20,13,1,11,11
Hepatitis,18,1,14,12,17,13,15,20,19,16,11,11
Hepatitis,16,19,18,20,17,1,14,12,13,15,11,11
Hepatitis,18,19,14,13,16,20,15,1,12,17,11,11
Hepatitis,13,12,19,20,17,15,14,16,1,18,11,11
Hepatitis,13,14,12,17,1,15,19,16,18,20,11,11
Hepatitis,15,20,13,19,18,17,14,1,16,12,11,11
Hepatitis,14,15,16,1,20,19,12,18,17,13,11,11
Hepatitis,19,13,17,12,18,20,1,15,16,14,11,11
Hepatitis,14,16,13,17,19,1,15,12,20,18,11,11
Hepatitis,1,15,17,16,19,18,20,13,14,12,11,11
Hepatitis,15,18,14,13,16,1,19,12,20,17,11,11
Hepatitis,19,13,20,1,17,16,14,18,15,12,11,11
Hepatitis,17,1,19,15,12,20,18,13,16,14,11,11
Hepatitis,20,13,17,12,1,16,15,14,19,18,11,11
Hepatitis,13,18,14,16,15,19,1,12,20,17,11,11
Hepatitis,17,13,19,18,15,20,12,16,14,1,11,11
Hepatitis,13,12,16,15,17,19,20,1,18,14,11,11
Hepatitis,15,17,1,18,19,13,14,12,20,16,11,11
Hepatitis,15,17,18,12,13,16,19,1,14,20,11,11
Hepatitis,14,18,13,16,19,20,17,15,12,1,11,11
Hepatitis,17,16,18,13,14,20,1,19,15,12,11,11
Hepatitis,13,17,19,20,12,14,16,18,1,15,11,11
Hepatitis,15,14,16,20,12,1,13,19,17,18,11,11
Hepatitis,16,20,13,19,18,1,12,17,14,15,11,11
Hepatitis,1,19,16,17,13,14,12,15,20,18,11,11
Hepatitis,14,19,20,12,16,1,18,13,15,17,11,11
Hepatitis,16,20,1,17,18,14,15,12,13,19,11,11
Hepatitis,19,20,16,18,12,15,1,14,13,17,11,11
Hepatitis,19,17,15,12,14,16,1,20,18,13,11,11
Hepatitis,1,20,13,14,18,16,15,19,12,17,11,11
Hepatitis,18,12,16,17,15,1,14,13,20,19,11,11
Hepatitis,13,16,17,18,1,14,15,20,12,19,11,11
Hepatitis,16,20,1,14,15,19,13,17,18,12,11,11
Hepatitis,20,15,1,17,13,14,18,12,19,16,11,11
Hepatitis,13,19,18,16,17,14,15,20,12,1,11,11
Hepatitis,13,17,16,12,1,14,18,20,15,19,11,11
Hepatitis,16,15,19,17,12,14,20,18,1,13,11,11
Hepatitis,13,16,20,18,15,19,12,14,17,1,11,11
Hepatitis,17,15,12,1,20,14,19,13,18,16,11,11
Hepatitis,12,20,16,15,14,18,17,1,13,19,11,11
Hepatitis,16,15,13,18,20,12,1,19,17,14,11,11
Hepatitis,12,18,19,13,15,20,17,16,1,14,11,11
Hepatitis,1,17,14,15,20,13,18,16,19,12,11,11
Hepatitis,16,12,14,17,13,15,1,19,20,18,11,11
Hepatitis,13,1,15,16,18,12,17,14,20,19,11,11
Hepatitis,13,17,19,12,16,20,14,15,18,1,11,11
Hepatitis,17,15,12,16,1,13,18,19,20,14,11,11
Hepatitis,12,20,1,16,13,18,15,14,19,17,11,11
Hepatitis,1,13,12,17,16,18,15,14,20,19,11,11
Hepatitis,17,18,16,19,1,20,12,14,13,15,11,11
Hepatitis,18,14,13,17,12,15,1,20,16,19,11,11
Hepatitis,12,19,20,1,18,17,14,15,13,16,11,11
Hepatitis,14,13,19,15,20,1,16,18,17,12,11,11
Hepatitis,13,16,20,17,19,14,18,1,12,15,11,11
Hepatitis,13,17,15,14,19,16,12,20,18,1,11,11
Hepatitis,15,20,13,19,1,16,14,18,17,12,11,11
Hepatitis,18,13,15,14,1,19,12,16,20,17,11,11
Hepatitis,18,17,12,15,20,19,16,14,1,13,11,11
Hepatitis,18,20,19,16,15,13,12,14,17,1,11,11
Hepatitis,13,16,12,18,14,19,20,15,17,1,11,11
Hepatitis,1,18,14,15,20,13,12,17,16,19,11,11
Hepatitis,17,14,18,13,19,1,12,20,16,15,11,11
Hepatitis,16,17,18,19,20,13,14,12,1,15,11,11
Hepatitis,12,16,19,18,20,1,17,13,15,14,11,11
Hepatitis,15,13,20,18,16,12,14,19,17,1,11,11
Hepatitis,20,15,19,1,12,13,18,16,17,14,11,11
Hepatitis,19,1,16,12,14,17,15,20,13,18,11,11
Hepatitis,20,19,1,12,15,17,14,16,13,18,11,11
Hepatitis,19,1,12,16,13,18,20,15,17,14,11,11
Hepatitis,18,20,12,16,13,14,17,1,15,19,11,11
Hepatitis,17,16,20,13,15,1,19,12,14,18,11,11
Hepatitis,16,1,13,15,17,20,19,18,12,14,11,11
Hepatitis,14,1,19,12,15,17,20,16,18,13,11,11
Hepatitis,15,1,19,17,18,20,16,13,14,12,11,11
Hepatitis,13,15,14,12,17,20,18,16,1,19,11,11
Hepatitis,16,20,12,13,15,18,1,17,14,19,11,11
Hepatitis,12,16,20,14,18,15,13,19,1,17,11,11
Hepatitis,16,1,20,19,14,12,18,17,13,15,11,11
Hepatitis,1,19,13,12,17,14,18,20,15,16,11,11
Hepatitis,19,18,15,16,1,20,14,13,17,12,11,11
Hepatitis,20,1,14,15,19,17,16,18,12,13,11,11
Hepatitis,1,19,14,16,17,18,20,12,15,13,11,11
Hepatitis,1,17,16,14,20,12,18,13,19,15,11,11
Hepatitis,15,18,14,16,20,17,1,12,19,13,11,11
Hepatitis,14,13,20,16,12,19,17,18,15,1,11,11
Hepatitis,1,13,20,14,17,12,16,19,15,18,11,11
Hepatitis,14,16,1,18,12,17,20,15,13,19,11,11
Hepatitis,15,1,13,16,12,17,18,20,14,19,11,11
Hepatitis,20,16,14,17,1,19,18,15,12,13,11,11
Hepatitis,13,16,14,18,20,15,1,19,12,17,11,11
Hepatitis,1,17,16,20,19,14,13,18,12,15,11,11
Hepatitis,19,1,13,14,12,20,18,15,16,17,11,11
Hepatitis,12,16,13,20,14,19,15,1,18,17,11,11
Hepatitis,12,18,15,17,20,14,19,16,1,13,11,11
Hepatitis,17,1,19,13,18,14,15,12,20,16,11,11
Hepatitis,20,17,18,13,15,19,14,16,1,12,11,11
Liver Failure,16,21,22,23,24,25,12,14,26,27,28,29
Liver Failure,25,27,22,28,29,14,12,21,26,16,23,24
Liver Failure,16,25,28,23,24,21,26,12,29,22,27,14
Liver Failure,23,24,26,14,12,16,22,25,21,28,29,27
Liver Failure,14,21,27,26,12,23,16,22,24,25,28,29
Liver Failure,16,27,14,22,12,25,23,29,28,24,21,26
Liver Failure,28,14,29,24,12,23,21,27,26,16,25,22
Liver Failure,24,12,26,27,14,16,29,21,23,25,28,22
Liver Failure,21,26,25,24,12,16,22,14,27,29,28,23
Liver Failure,14,29,24,27,26,28,23,12,21,22,25,16
Liver Failure,12,21,25,26,22,16,29,14,28,27,24,23
Liver Failure,12,14,16,27,25,21,22,23,24,28,29,26
Liver Failure,14,12,22,28,26,27,23,16,24,21,29,25
Liver Failure,21,26,16,28,12,29,27,25,14,22,23,24
Liver Failure,25,14,28,12,29,22,23,24,27,26,16,21
Liver Failure,27,22,28,24,12,26,23,16,29,25,14,21
Liver Failure,27,22,25,29,24,23,14,12,28,16,26,21
Liver Failure,21,22,28,23,14,27,24,26,12,29,25,16
Liver Failure,23,24,27,22,26,25,21,16,28,29,12,14
Liver Failure,26,25,12,28,14,21,24,22,23,29,27,16
Liver Failure,24,27,21,23,25,26,29,16,12,22,28,14
Liver Failure,21,26,29,25,14,23,28,24,27,22,16,12
Liver Failure,22,21,23,24,12,28,27,29,26,16,14,25
Liver Failure,12,14,28,21,27,29,26,16,23,25,24,22
Liver Failure,24,21,22,14,16,25,27,26,12,28,29,23
Liver Failure,23,22,12,24,25,14,28,16,26,29,27,21
Liver Failure,23,16,27,22,28,25,26,12,24,29,14,21
Liver Failure,28,16,24,14,29,21,12,26,23,27,25,22
Liver Failure,29,28,14,22,25,21,26,16,12,24,27,23
Liver Failure,14,12,26,25,24,27,21,23,29,28,16,22
Liver Failure,29,23,21,12,14,26,16,24,28,22,27,25
Liver Failure,27,28,21,26,14,24,25,12,22,16,29,23
Liver Failure,23,21,22,25,27,12,29,26,16,28,24,14
Liver Failure,23,26,27,29,28,12,24,21,14,22,25,16
Liver Failure,24,14,29,16,25,27,12,23,22,26,28,21
Liver Failure,16,22,12,21,14,26,25,28,24,27,29,23
Liver Failure,26,21,29,28,22,12,27,14,24,16,25,23
Liver Failure,28,21,24,16,23,22,14,26,12,29,27,25
Liver Failure,25,24,23,27,14,22,16,21,12,28,26,29
Liver Failure,23,12,16,22,27,21,28,25,29,26,14,24
Liver Failure,27,12,29,14,26,22,25,21,23,24,16,28
Liver Failure,14,16,28,12,24,23,26,22,27,21,25,29
Liver Failure,22,23,28,24,16,26,12,25,14,21,29,27
Liver Failure,21,25,29,22,27,28,14,26,12,23,16,24
Liver Failure,23,12,24,28,26,16,14,27,21,22,29,25
Liver Failure,24,25,29,28,27,23,22,21,16,26,12,14
Liver Failure,12,28,24,14,25,16,23,29,26,27,22,21
Liver Failure,21,23,12,24,22,28,27,16,25,29,14,26
Liver Failure,29,26,22,12,23,27,25,14,28,21,24,16
Liver Failure,23,16,21,14,26,22,25,28,12,29,27,24
Liver Failure,21,23,14,12,16,28,26,29,25,24,27,22
Liver Failure,23,21,14,25,22,28,12,27,26,29,24,16
Liver Failure,14,29,26,28,21,22,24,16,25,23,27,12
Liver Failure,28,25,14,21,12,22,29,27,16,23,26,24
Liver Failure,22,12,27,14,26,28,21,16,23,29,25,24
Liver Failure,16,24,12,14,22,23,26,27,21,28,25,29
Liver Failure,12,23,29,14,25,27,26,16,22,24,21,28
Liver Failure,28,22,26,24,29,14,27,12,23,21,25,16
Liver Failure,29,27,23,16,22,26,25,21,24,12,14,28
Liver Failure,29,16,25,14,26,21,27,28,22,23,24,12
Liver Failure,24,26,27,16,22,29,23,28,12,21,25,14
Liver Failure,12,26,22,16,24,25,21,14,29,27,28,23
Liver Failure,25,22,29,24,26,12,21,28,23,27,16,14
Liver Failure,14,28,23,26,25,27,16,29,22,21,12,24
Liver Failure,23,22,28,29,16,25,14,24,26,12,27,21
Liver Failure,14,29,24,26,23,12,21,25,28,22,27,16
Liver Failure,29,12,14,28,26,21,24,16,25,22,27,23
Liver Failure,12,14,23,27,29,26,28,24,16,25,21,22
Liver Failure,24,26,14,28,12,21,22,29,25,27,23,16
Liver Failure,29,26,25,24,16,12,27,22,28,23,14,21
Liver Failure,23,29,24,26,25,27,28,16,22,14,12,21
Liver Failure,12,28,21,24,16,23,22,25,26,29,27,14
Liver Failure,23,29,21,16,28,22,26,12,25,14,24,27
Liver Failure,26,12,27,25,14,22,28,29,24,23,16,21
Liver Failure,16,26,24,22,29,14,25,23,21,28,27,12
Liver Failure,26,27,28,29,25,21,16,24,22,14,23,12
Liver Failure,16,24,27,26,28,22,21,12,25,23,14,29
Liver Failure,23,24,27,28,14,16,26,25,12,21,22,29
Liver Failure,26,28,29,27,14,23,21,25,12,24,16,22
Liver Failure,28,21,23,14,16,22,24,25,29,12,26,27
Liver Failure,16,27,14,28,21,12,26,23,25,24,22,29
Liver Failure,14,16,23,22,25,26,12,21,29,24,27,28
Liver Failure,16,12,22,29,21,27,25,23,26,24,14,28
Liver Failure,25,24,16,22,23,14,26,28,27,29,12,21
Liver Failure,12,14,16,28,26,29,24,27,22,23,21,25
Liver Failure,28,16,26,12,14,22,21,29,24,25,23,27
Liver Failure,25,14,23,22,16,24,29,21,26,27,28,12
Liver Failure,23,25,27,28,14,12,22,16,29,26,24,21
Liver Failure,16,29,28,26,12,24,14,23,22,21,25,27
Liver Failure,26,23,28,22,12,29,14,27,21,24,16,25
Liver Failure,27,24,23,14,21,12,25,16,26,22,28,29
Liver Failure,22,26,24,21,16,23,12,27,28,29,14,25
Liver Failure,25,16,27,22,24,12,26,29,14,21,23,28
Liver Failure,26,27,28,23,25,29,16,14,21,12,22,24
Liver Failure,23,27,21,12,24,28,22,14,25,29,26,16
Liver Failure,24,25,29,23,14,12,28,21,22,26,27,16
Liver Failure,27,14,28,22,16,12,29,26,24,23,25,21
Liver Failure,26,22,27,29,25,24,16,12,21,28,14,23
Liver Failure,24,21,26,14,22,28,29,12,23,25,16,27
Liver Failure,29,27,25,26,16,24,21,28,14,22,12,23
Diabetes,30,16,31,32,33,34,35,36,37,38,39,40
Diabetes,30,36,40,37,16,38,39,35,32,31,33,34
Diabetes,38,34,32,36,37,16,39,31,40,30,35,33
Diabetes,37,40,35,30,38,16,32,34,36,31,33,39
Diabetes,33,31,32,16,37,30,36,34,40,39,38,35
Diabetes,32,37,35,30,33,39,34,31,38,36,40,16
Diabetes,39,16,37,35,32,31,38,40,34,33,30,36
Diabetes,33,36,31,37,39,30,38,16,32,35,34,40
Diabetes,39,34,33,32,40,36,31,30,16,38,35,37
Diabetes,30,31,16,35,37,36,38,40,34,39,33,32
Diabetes,34,37,33,32,35,31,38,30,39,40,36,16
Diabetes,40,32,33,30,16,36,38,39,37,34,31,35
Diabetes,30,37,31,35,33,38,34,16,39,40,36,32
Diabetes,37,40,16,39,34,31,35,36,32,30,33,38
Diabetes,34,30,33,32,36,35,31,40,38,39,37,16
Diabetes,16,40,37,33,32,35,38,34,36,31,39,30
Diabetes,34,16,38,31,39,37,33,35,32,36,40,30
Diabetes,40,34,16,31,33,32,38,37,39,36,30,35
Diabetes,30,40,36,33,34,32,16,31,35,37,39,38
Diabetes,35,34,40,32,36,37,30,16,31,33,39,38
Diabetes,35,34,39,31,38,36,30,33,16,37,32,40
Diabetes,16,40,35,31,30,38,39,33,32,37,34,36
Diabetes,32,40,30,36,33,37,35,31,34,38,39,16
Diabetes,32,30,39,36,35,33,38,16,34,40,37,31
Diabetes,32,40,34,35,16,30,33,37,31,39,36,38
Diabetes,40,31,36,34,38,33,30,35,39,32,37,16
Diabetes,40,33,39,16,34,31,36,35,30,37,38,32
Diabetes,33,30,40,36,16,34,38,39,32,37,35,31
Diabetes,35,37,30,34,16,38,33,39,40,36,31,32
Diabetes,35,33,40,30,38,39,31,37,34,16,36,32
Diabetes,30,39,35,32,38,36,37,16,40,31,33,34
Diabetes,40,33,34,39,16,36,31,32,37,38,35,30
Diabetes,30,31,38,35,33,34,40,39,32,37,36,16
Diabetes,16,32,30,35,34,31,40,37,36,39,38,33
Diabetes,37,32,36,33,31,16,34,38,40,39,30,35
Diabetes,40,39,36,32,33,30,31,38,37,34,16,35
Diabetes,34,35,32,31,36,38,40,30,33,39,16,37
Diabetes,40,39,30,35,32,31,33,36,38,34,16,37
Diabetes,32,40,16,35,30,34,39,33,36,37,38,31
Diabetes,31,32,35,36,30,40,38,16,37,39,33,34
Diabetes,33,37,35,38,34,36,31,39,40,30,32,16
Diabetes,37,38,33,34,40,36,32,39,35,16,30,31
Diabetes,35,34,30,40,31,16,36,33,38,32,39,37
Diabetes,31,30,32,33,35,16,37,34,36,39,40,38
Diabetes,38,31,37,39,33,34,16,30,40,32,35,36
Diabetes,40,33,16,30,37,31,36,32,35,34,39,38
Diabetes,33,39,31,40,35,36,32,30,38,34,37,16
Diabetes,39,40,38,16,36,30,34,33,37,35,31,32
Diabetes,34,16,30,37,39,33,31,36,35,40,38,32
Diabetes,16,37,40,38,36,31,33,32,34,35,39,30
Diabetes,40,32,37,39,33,34,35,36,16,38,30,31
Diabetes,40,16,32,34,30,36,33,31,38,37,35,39
Diabetes,39,36,40,34,32,38,31,30,16,35,33,37
Diabetes,35,32,37,31,33,16,39,36,40,30,38,34
Diabetes,34,37,38,31,40,30,36,35,32,33,39,16
Diabetes,32,37,30,39,33,38,16,35,40,36,34,31
Diabetes,39,37,34,30,32,16,36,35,33,38,31,40
Diabetes,40,37,33,34,39,35,31,36,30,16,38,32
Diabetes,38,36,39,31,34,40,32,35,37,16,33,30
Diabetes,32,38,33,36,39,34,35,16,40,31,37,30
Diabetes,37,36,32,39,34,38,30,33,40,35,31,16
Diabetes,37,40,16,38,36,39,34,31,33,30,32,35
Diabetes,33,34,16,31,40,36,30,37,38,32,39,35
Diabetes,36,32,40,37,33,39,35,31,38,34,30,16
Diabetes,37,31,39,36,30,32,34,40,35,16,33,38
Diabetes,16,32,30,33,37,31,39,38,40,36,34,35
Diabetes,30,38,39,31,16,37,33,35,40,36,32,34
Diabetes,37,35,38,32,39,33,40,31,36,30,16,34
Diabetes,31,36,33,39,35,34,40,16,37,38,32,30
Diabetes,30,16,39,37,31,32,38,40,33,36,35,34
Diabetes,37,36,40,34,38,31,33,32,35,30,16,39
Diabetes,35,33,36,16,32,40,34,38,31,30,39,37
Diabetes,32,39,33,37,40,31,35,36,16,34,38,30
Diabetes,30,39,35,33,31,40,34,36,32,16,38,37
Diabetes,31,35,16,39,30,37,38,33,40,34,36,32
Diabetes,35,40,33,31,16,38,36,30,32,39,34,37
Diabetes,40,38,33,30,36,35,32,37,16,31,39,34
Diabetes,35,36,38,30,33,16,40,39,34,37,32,31
Diabetes,40,37,34,38,35,36,16,39,32,30,31,33
Diabetes,34,35,37,31,30,16,36,40,39,32,38,33
Diabetes,40,37,38,36,30,32,34,31,39,35,16,33
Diabetes,35,36,37,31,32,16,40,38,33,30,34,39
Diabetes,34,39,16,33,37,38,40,30,35,36,31,32
Diabetes,37,38,30,32,36,33,40,34,31,35,16,39
Diabetes,39,36,35,16,37,33,30,34,40,38,31,32
Diabetes,37,30,33,31,38,36,34,40,32,16,35,39
Diabetes,34,32,38,40,35,37,39,16,33,31,36,30
Diabetes,33,38,31,32,36,35,16,30,34,39,40,37
Diabetes,35,38,30,32,33,34,16,40,31,39,36,37
Diabetes,37,33,38,35,30,36,39,31,32,34,16,40
Diabetes,32,40,37,36,31,30,38,16,33,34,35,39
Diabetes,38,32,34,33,36,37,30,40,39,16,31,35
Diabetes,30,38,36,37,32,35,16,40,34,31,39,33
Diabetes,30,35,16,34,40,38,33,36,32,39,37,31
Diabetes,40,36,38,35,37,31,33,16,30,32,39,34
Diabetes,16,33,36,39,30,32,38,34,31,37,40,35
Diabetes,34,32,37,36,33,39,35,30,31,16,38,40
Diabetes,32,39,40,33,38,16,37,34,31,30,36,35
Diabetes,30,33,35,32,37,39,31,34,38,40,16,36
Diabetes,38,40,31,33,30,34,39,36,32,35,37,16
Cervical Cancer,41,42,43,44,45,46,47,48,49,50,11,11
Cervical Cancer,45,47,48,44,49,42,50,41,46,43,11,11
Cervical Cancer,47,44,45,41,50,48,42,49,46,43,11,11
Cervical Cancer,45,46,42,47,43,44,50,49,48,41,11,11
Cervical Cancer,46,45,49,50,48,43,44,41,47,42,11,11
Cervical Cancer,47,50,43,49,41,48,42,46,45,44,11,11
Cervical Cancer,44,47,42,41,49,43,45,50,48,46,11,11
Cervical Cancer,48,45,47,41,42,44,49,50,43,46,11,11
Cervical Cancer,48,49,41,42,46,44,45,47,43,50,11,11
Cervical Cancer,49,44,42,48,45,50,43,41,47,46,11,11
Cervical Cancer,45,43,48,47,50,49,46,44,41,42,11,11
Cervical Cancer,46,45,50,48,47,42,49,43,44,41,11,11
Cervical Cancer,48,50,47,43,44,49,46,41,45,42,11,11
Cervical Cancer,45,41,50,42,46,48,49,43,44,47,11,11
Cervical Cancer,48,41,50,46,44,47,45,43,42,49,11,11
Cervical Cancer,42,46,43,50,49,48,41,45,44,47,11,11
Cervical Cancer,41,47,50,44,43,49,42,46,45,48,11,11
Cervical Cancer,46,49,43,47,41,42,44,50,45,48,11,11
Cervical Cancer,43,41,44,46,50,47,49,45,48,42,11,11
Cervical Cancer,47,44,50,42,45,43,41,49,46,48,11,11
Cervical Cancer,42,50,49,45,46,47,43,48,41,44,11,11
Cervical Cancer,45,47,48,42,49,46,44,41,43,50,11,11
Cervical Cancer,47,43,49,46,48,42,41,44,50,45,11,11
Cervical Cancer,43,41,45,44,49,42,47,50,46,48,11,11
Cervical Cancer,48,50,41,47,46,49,44,43,45,42,11,11
Cervical Cancer,43,49,48,46,42,44,50,47,41,45,11,11
Cervical Cancer,44,48,50,42,46,45,43,49,47,41,11,11
Cervical Cancer,43,46,48,41,50,49,45,44,47,42,11,11
Cervical Cancer,42,49,50,46,47,45,44,48,41,43,11,11
Cervical Cancer,47,49,46,45,42,48,41,50,44,43,11,11
Cervical Cancer,47,41,44,43,45,48,49,46,42,50,11,11
Cervical Cancer,45,44,47,48,42,49,50,43,46,41,11,11
Cervical Cancer,48,50,46,49,43,47,45,44,41,42,11,11
Cervical Cancer,44,50,46,43,42,48,41,47,49,45,11,11
Cervical Cancer,43,44,49,48,47,41,42,46,45,50,11,11
Cervical Cancer,44,45,42,49,47,50,48,46,43,41,11,11
Cervical Cancer,45,41,42,44,47,48,46,43,49,50,11,11
Cervical Cancer,50,41,46,42,45,43,48,44,49,47,11,11
Cervical Cancer,49,45,42,50,48,46,44,47,41,43,11,11
Cervical Cancer,50,47,46,42,45,44,49,41,43,48,11,11
Cervical Cancer,47,41,48,44,49,50,45,42,46,43,11,11
Cervical Cancer,47,45,44,46,48,49,41,50,43,42,11,11
Cervical Cancer,44,41,49,48,43,46,42,50,47,45,11,11
Cervical Cancer,42,43,45,49,47,41,50,48,46,44,11,11
Cervical Cancer,44,48,45,50,47,42,49,46,43,41,11,11
Cervical Cancer,47,42,50,43,46,41,44,49,48,45,11,11
Cervical Cancer,42,47,44,45,41,48,43,49,46,50,11,11
Cervical Cancer,50,41,44,48,49,46,47,45,43,42,11,11
Cervical Cancer,41,49,45,48,43,44,42,47,46,50,11,11
Cervical Cancer,46,49,50,41,42,48,44,45,43,47,11,11
Cervical Cancer,48,46,41,47,42,50,43,45,49,44,11,11
Cervical Cancer,41,46,50,47,48,44,45,49,43,42,11,11
Cervical Cancer,42,48,49,47,43,46,41,50,44,45,11,11
Cervical Cancer,50,41,42,43,47,46,48,45,44,49,11,11
Cervical Cancer,44,45,42,48,49,47,46,41,50,43,11,11
Cervical Cancer,49,45,44,50,47,42,46,43,41,48,11,11
Cervical Cancer,42,43,44,49,46,45,47,50,48,41,11,11
Cervical Cancer,47,45,46,48,44,42,50,43,49,41,11,11
Cervical Cancer,49,45,46,43,42,50,47,44,41,48,11,11
Cervical Cancer,44,50,48,43,47,49,42,41,46,45,11,11
Cervical Cancer,47,43,50,46,45,44,48,41,49,42,11,11
Cervical Cancer,48,46,50,45,42,44,43,49,47,41,11,11
Cervical Cancer,50,47,45,41,44,46,48,49,42,43,11,11
Cervical Cancer,48,42,46,43,41,50,44,47,45,49,11,11
Cervical Cancer,42,43,45,44,48,47,49,46,41,50,11,11
Cervical Cancer,47,43,45,41,50,42,48,44,49,46,11,11
Cervical Cancer,41,43,50,48,49,42,46,44,45,47,11,11
Cervical Cancer,42,45,50,48,46,43,41,47,44,49,11,11
Cervical Cancer,44,46,48,41,43,50,47,49,45,42,11,11
Cervical Cancer,49,45,43,44,41,47,48,46,50,42,11,11
Cervical Cancer,46,44,48,50,49,47,45,42,43,41,11,11
Cervical Cancer,45,44,49,48,43,41,42,47,50,46,11,11
Cervical Cancer,41,42,50,48,43,47,46,49,44,45,11,11
Cervical Cancer,41,44,47,49,45,43,50,42,46,48,11,11
Cervical Cancer,50,46,47,43,49,44,41,48,42,45,11,11
Cervical Cancer,50,47,45,41,46,43,42,49,44,48,11,11
Cervical Cancer,41,48,47,42,45,49,46,44,43,50,11,11
Cervical Cancer,44,45,47,43,49,41,42,46,48,50,11,11
Cervical Cancer,48,49,41,44,50,43,47,45,46,42,11,11
Cervical Cancer,45,48,42,46,43,41,50,47,49,44,11,11
Cervical Cancer,48,46,45,47,41,44,42,50,49,43,11,11
Cervical Cancer,43,44,45,41,49,47,50,46,42,48,11,11
Cervical Cancer,45,42,43,46,44,49,41,47,48,50,11,11
Cervical Cancer,46,45,49,48,50,43,42,41,44,47,11,11
Cervical Cancer,45,49,44,47,42,46,41,50,43,48,11,11
Cervical Cancer,47,45,50,43,48,44,41,49,46,42,11,11
Cervical Cancer,47,44,45,49,42,41,48,43,50,46,11,11
Cervical Cancer,43,48,47,41,49,45,44,46,42,50,11,11
Cervical Cancer,49,44,46,41,48,45,50,47,42,43,11,11
Cervical Cancer,49,43,45,50,46,47,48,44,42,41,11,11
Cervical Cancer,43,45,44,48,42,46,47,41,49,50,11,11
Cervical Cancer,43,44,47,45,48,41,46,42,49,50,11,11
Cervical Cancer,42,50,46,45,48,49,41,43,47,44,11,11
Cervical Cancer,46,44,43,49,48,42,47,45,50,41,11,11
Cervical Cancer,49,41,42,48,47,45,43,46,44,50,11,11
Cervical Cancer,43,44,41,46,47,45,49,48,42,50,11,11
Cervical Cancer,46,47,43,48,45,49,42,44,41,50,11,11
Cervical Cancer,41,45,47,48,46,44,43,49,42,50,11,11
Cervical Cancer,42,50,45,44,48,43,41,46,47,49,11,11
Cervical Cancer,43,47,49,42,41,46,50,44,48,45,11,11
Prostate Cancer,51,52,53,54,55,37,56,57,58,59,60,61
Prostate Cancer,37,59,57,52,54,58,51,55,60,53,61,56
Prostate Cancer,60,59,51,58,37,61,54,53,57,56,55,52
Prostate Cancer,58,53,60,37,55,52,56,51,57,59,54,61
Prostate Cancer,59,55,54,60,51,56,37,53,52,57,61,58
Prostate Cancer,51,53,61,37,56,58,55,57,54,60,52,59
Prostate Cancer,53,55,51,58,52,37,56,61,59,57,60,54
Prostate Cancer,37,60,58,61,57,52,59,54,56,51,53,55
Prostate Cancer,55,52,37,54,58,57,56,61,51,60,59,53
Prostate Cancer,61,60,56,51,52,57,54,37,58,53,59,55
Prostate Cancer,56,55,57,52,51,53,58,60,59,37,61,54
Prostate Cancer,51,60,57,54,59,58,56,55,61,52,53,37
Prostate Cancer,51,60,55,56,57,61,59,53,52,37,58,54
Prostate Cancer,55,51,61,37,60,57,56,54,58,59,53,52
Prostate Cancer,51,54,57,61,60,58,53,52,37,56,59,55
Prostate Cancer,57,37,52,59,55,58,51,60,61,53,56,54
Prostate Cancer,51,55,61,60,53,57,59,54,52,37,56,58
Prostate Cancer,52,55,51,54,61,37,60,59,53,57,58,56
Prostate Cancer,57,59,55,37,61,56,60,58,53,54,51,52
Prostate Cancer,54,58,60,61,51,57,37,53,56,52,55,59
Prostate Cancer,37,57,53,56,59,55,58,51,52,61,60,54
Prostate Cancer,53,51,57,56,54,37,52,60,58,59,61,55
Prostate Cancer,61,57,55,56,52,37,54,59,58,53,60,51
Prostate Cancer,60,59,57,55,52,53,37,54,51,61,56,58
Prostate Cancer,55,51,60,58,61,54,37,53,52,59,57,56
Prostate Cancer,61,52,37,60,57,54,55,51,53,56,59,58
Prostate Cancer,59,61,37,57,54,56,58,51,52,55,53,60
Prostate Cancer,58,57,61,51,60,53,56,52,59,37,54,55
Prostate Cancer,59,56,60,51,61,55,54,53,52,57,37,58
Prostate Cancer,55,59,58,51,53,61,57,37,60,52,54,56
Prostate Cancer,60,37,52,53,57,61,56,55,58,51,59,54
Prostate Cancer,57,53,56,52,54,51,61,59,60,55,58,37
Prostate Cancer,54,61,55,60,37,52,58,53,51,56,59,57
Prostate Cancer,55,37,52,61,56,51,58,57,54,59,60,53
Prostate Cancer,56,59,54,57,53,37,60,58,61,51,55,52
Prostate Cancer,59,60,53,61,55,51,58,56,57,52,54,37
Prostate Cancer,58,55,54,61,52,57,60,59,37,56,53,51
Prostate Cancer,52,51,61,53,56,55,54,58,60,57,37,59
Prostate Cancer,58,61,57,59,60,53,56,37,55,51,52,54
Prostate Cancer,37,52,55,59,58,51,60,61,57,53,56,54
Prostate Cancer,55,56,58,37,61,53,60,54,59,51,57,52
Prostate Cancer,56,54,57,61,37,51,58,55,60,52,59,53
Prostate Cancer,37,60,56,54,55,57,53,51,52,61,59,58
Prostate Cancer,59,61,58,55,57,56,53,51,54,60,37,52
Prostate Cancer,56,57,58,37,54,61,51,55,59,52,60,53
Prostate Cancer,52,53,57,61,58,59,55,51,54,60,56,37
Prostate Cancer,61,60,52,56,37,59,58,55,51,54,57,53
Prostate Cancer,61,55,51,58,59,56,60,57,37,53,52,54
Prostate Cancer,59,51,37,57,52,54,61,56,60,53,58,55
Prostate Cancer,59,51,57,60,55,52,56,37,58,61,54,53
Prostate Cancer,37,56,59,57,54,55,58,51,60,53,52,61
Prostate Cancer,61,57,51,37,56,55,52,54,53,59,60,58
Prostate Cancer,58,52,59,37,60,53,54,51,55,61,57,56
Prostate Cancer,57,51,61,60,55,52,58,53,54,59,37,56
Prostate Cancer,57,61,51,37,58,59,56,55,53,52,60,54
Prostate Cancer,37,53,56,60,58,57,52,61,54,51,59,55
Prostate Cancer,54,56,58,60,52,53,37,55,59,51,61,57
Prostate Cancer,57,54,58,59,37,55,51,52,61,53,56,60
Prostate Cancer,60,51,53,56,37,54,55,57,59,52,61,58
Prostate Cancer,59,56,54,61,51,58,57,37,53,60,55,52
Prostate Cancer,54,58,56,52,57,55,60,59,51,53,61,37
Prostate Cancer,60,61,56,37,51,57,53,55,58,54,59,52
Prostate Cancer,57,55,60,61,37,59,56,53,52,54,51,58
Prostate Cancer,51,53,55,37,58,57,61,60,56,59,54,52
Prostate Cancer,55,61,60,56,54,52,51,37,57,58,53,59
Prostate Cancer,51,59,57,58,53,54,55,56,37,60,52,61
Prostate Cancer,56,55,51,60,58,54,52,37,53,57,61,59
Prostate Cancer,56,60,57,51,59,61,58,55,37,52,54,53
Prostate Cancer,59,58,53,37,52,61,54,56,57,60,55,51
Prostate Cancer,56,52,60,58,37,55,57,61,51,54,53,59
Prostate Cancer,52,37,54,59,55,60,53,56,58,57,51,61
Prostate Cancer,59,53,61,58,37,60,51,57,54,56,55,52
Prostate Cancer,55,51,58,54,53,61,52,60,37,57,56,59
Prostate Cancer,53,54,61,56,55,37,52,59,57,60,58,51
Prostate Cancer,52,53,54,55,61,58,37,57,56,59,60,51
Prostate Cancer,60,55,37,58,59,53,57,56,54,51,61,52
Prostate Cancer,58,57,37,59,53,54,61,52,51,56,60,55
Prostate Cancer,53,52,59,51,37,61,57,54,58,60,55,56
Prostate Cancer,37,60,51,54,53,56,61,52,57,59,55,58
Prostate Cancer,55,53,59,51,37,56,60,54,61,57,58,52
Prostate Cancer,55,56,60,52,61,37,53,51,58,59,54,57
Prostate Cancer,52,53,37,59,57,60,56,61,51,54,55,58
Prostate Cancer,53,60,59,37,57,54,52,56,58,51,55,61
Prostate Cancer,54,56,37,52,61,53,57,55,60,51,59,58
Prostate Cancer,53,55,57,37,60,56,52,59,54,61,51,58
Prostate Cancer,37,55,56,58,61,52,59,60,51,53,57,54
Prostate Cancer,57,60,55,54,58,61,53,37,51,52,59,56
Prostate Cancer,37,57,60,51,56,52,55,59,54,58,61,53
Prostate Cancer,56,51,58,61,54,53,60,52,55,59,37,57
Prostate Cancer,37,53,57,58,55,60,54,52,51,56,59,61
Prostate Cancer,60,55,37,61,56,58,54,53,52,57,51,59
Prostate Cancer,54,61,59,58,51,60,53,56,52,57,55,37
Prostate Cancer,37,58,54,51,61,56,60,55,59,53,57,52
Prostate Cancer,51,55,61,60,58,57,59,56,52,54,37,53
Prostate Cancer,51,54,55,59,57,61,52,60,53,58,37,56
Prostate Cancer,60,51,59,56,37,57,55,54,52,61,58,53
Prostate Cancer,58,53,52,37,51,55,59,56,54,60,57,61
Prostate Cancer,55,56,60,53,51,59,61,52,37,54,58,57
Prostate Cancer,57,60,54,51,59,52,56,53,58,55,61,37
Prostate Cancer,58,61,55,37,52,60,51,57,54,53,59,56
